"ds","polygon1_id","polygon1_name","latitude1","longitude1","polygon2_id","polygon2_name","latitude2","longitude2","metric_value","metric_name"
"2024-11-09","937148070010051","united states","40.0","-100.0","452507115497292","nigeria","9.0","8.0","4523","travel counts"
"2024-11-09","937148070010051","united states","40.0","-100.0","2103842606572854","chile","-31.0","-71.0","1016","travel counts"
"2024-11-09","921744301497079","argentina","-34.0","-64.0","2103842606572854","chile","-31.0","-71.0","6554","travel counts"
"2024-11-09","1983580781764432","peru","-8.0","-78.0","2103842606572854","chile","-31.0","-71.0","2860","travel counts"
"2024-11-09","417158592211893","india","21.0","77.0","419634095534324","malaysia","2.316667","111.55","1451","travel counts"
"2024-11-09","853970694951300","south korea","36.0","128.0","793335024385721","japan","35.0","136.0","4019","travel counts"
"2024-11-09","853970694951300","south korea","36.0","128.0","419634095534324","malaysia","2.316667","111.55","1124","travel counts"
"2024-11-09","433497307408292","thailand","15.0","101.0","419634095534324","malaysia","2.316667","111.55","19925","travel counts"
"2024-11-09","433497307408292","thailand","15.0","101.0","793335024385721","japan","35.0","136.0","6638","travel counts"
"2024-11-09","2367165386637842","brazil","-11.0","-53.0","606189189846925","uruguay","-32.733333","-56.65","5510","travel counts"
"2024-11-09","1317763431707213","germany","51.0","10.0","314322742593141","denmark","56.0","10.0","9116","travel counts"
"2024-11-09","362070071076950","netherlands","52.316666666667","5.55","314322742593141","denmark","56.0","10.0","1378","travel counts"
"2024-11-09","937148070010051","united states","40.0","-100.0","1693686944068084","ireland","53.4469834801","-7.08056729059","2054","travel counts"
"2024-11-09","1231810770328071","poland","52.0","19.0","314322742593141","denmark","56.0","10.0","1825","travel counts"
"2024-11-09","351886962112263","italy","43.0","12.0","1693686944068084","ireland","53.4469834801","-7.08056729059","1092","travel counts"
"2024-11-09","627913770953274","sweden","61.0","15.0","314322742593141","denmark","56.0","10.0","11603","travel counts"
"2024-11-09","937148070010051","united states","40.0","-100.0","793335024385721","japan","35.0","136.0","4801","travel counts"
"2024-11-09","711084376012350","vietnam","14.016666666667","107.9","793335024385721","japan","35.0","136.0","3341","travel counts"
"2024-11-09","711084376012350","vietnam","14.016666666667","107.9","419634095534324","malaysia","2.316667","111.55","2155","travel counts"
"2024-11-09","346733206197678","indonesia","-0.8349","113.4668","419634095534324","malaysia","2.316667","111.55","11829","travel counts"
"2024-11-09","346733206197678","indonesia","-0.8349","113.4668","793335024385721","japan","35.0","136.0","1338","travel counts"
"2024-11-09","414941572572779","brunei","4.4","114.566667","419634095534324","malaysia","2.316667","111.55","3182","travel counts"
"2024-11-09","1246147782210951","australia","-25.0","135.0","793335024385721","japan","35.0","136.0","1413","travel counts"
"2024-11-09","1246147782210951","australia","-25.0","135.0","419634095534324","malaysia","2.316667","111.55","1037","travel counts"
"2024-11-09","376031519676735","bangladesh","24.016667","89.866667","419634095534324","malaysia","2.316667","111.55","1046","travel counts"
"2024-11-09","419634095534324","malaysia","2.316667","111.55","793335024385721","japan","35.0","136.0","1344","travel counts"
"2024-11-09","793335024385721","japan","35.0","136.0","419634095534324","malaysia","2.316667","111.55","1266","travel counts"
"2024-11-09","343315869635106","philippines","11.333330555556","123.01666944444","793335024385721","japan","35.0","136.0","4694","travel counts"
"2024-11-09","343315869635106","philippines","11.333330555556","123.01666944444","419634095534324","malaysia","2.316667","111.55","1546","travel counts"
"2024-11-09","463167797558589","taiwan","24.0","121.0","793335024385721","japan","35.0","136.0","16525","travel counts"
"2024-11-09","463167797558589","taiwan","24.0","121.0","419634095534324","malaysia","2.316667","111.55","1772","travel counts"
"2024-11-09","852597565113521","united kingdom","54.0","-2.0","490600838138401","barbados","13.166666666667","-59.55","1602","travel counts"
"2024-11-09","921744301497079","argentina","-34.0","-64.0","606189189846925","uruguay","-32.733333","-56.65","3557","travel counts"
"2024-11-09","680120905754069","france","47.0","2.0","1693686944068084","ireland","53.4469834801","-7.08056729059","1646","travel counts"
"2024-11-09","680120905754069","france","47.0","2.0","314322742593141","denmark","56.0","10.0","1061","travel counts"
"2024-11-09","1080265735511471","spain","40.0","-3.0","314322742593141","denmark","56.0","10.0","2955","travel counts"
"2024-11-09","1080265735511471","spain","40.0","-3.0","1693686944068084","ireland","53.4469834801","-7.08056729059","2428","travel counts"
"2024-11-09","623759951440132","norway","61.0","8.0","314322742593141","denmark","56.0","10.0","4242","travel counts"
"2024-11-09","852597565113521","united kingdom","54.0","-2.0","1693686944068084","ireland","53.4469834801","-7.08056729059","31639","travel counts"
"2024-11-09","852597565113521","united kingdom","54.0","-2.0","314322742593141","denmark","56.0","10.0","2667","travel counts"
"2024-11-09","393732134690462","lesotho","-29.55","28.25","403586003810080","south africa","-29.0","24.0","1602","travel counts"
"2024-11-09","379833772609059","swaziland","-26.483333","31.433333","403586003810080","south africa","-29.0","24.0","1525","travel counts"
"2024-11-09","793335024385721","japan","35.0","136.0","853970694951300","south korea","36.0","128.0","4175","travel counts"
"2024-11-09","597585864063467","united arab emirates","23.783333","54.0","422079025311801","oman","20.233333","55.966667","2371","travel counts"
"2024-11-09","396549551185340","benin","8.833333","2.183333","452507115497292","nigeria","9.0","8.0","1239","travel counts"
"2024-11-09","852597565113521","united kingdom","54.0","-2.0","403586003810080","south africa","-29.0","24.0","1046","travel counts"
"2024-11-09","731231627319111","zimbabwe","-19.016667","30.016667","403586003810080","south africa","-29.0","24.0","1497","travel counts"
"2024-11-09","381453479112335","botswana","-24.666666666667","25.916666666667","403586003810080","south africa","-29.0","24.0","2043","travel counts"
"2024-11-09","400835317162981","croatia","45.25","15.466667","321538001884900","bosnia and herzegovina","44.0","18.0","12037","travel counts"
"2024-11-09","401821703703677","serbia","43.95","20.933333333333","321538001884900","bosnia and herzegovina","44.0","18.0","7785","travel counts"
"2024-11-09","351886962112263","italy","43.0","12.0","321538001884900","bosnia and herzegovina","44.0","18.0","1111","travel counts"
"2024-11-09","2214566348625267","costa rica","10.0","-84.0","334673967182748","nicaragua","13.091380555556","-86.000988888889","2367","travel counts"
"2024-11-09","343315869635106","philippines","11.333330555556","123.01666944444","853970694951300","south korea","36.0","128.0","2419","travel counts"
"2024-11-09","433497307408292","thailand","15.0","101.0","853970694951300","south korea","36.0","128.0","2447","travel counts"
"2024-11-09","346733206197678","indonesia","-0.8349","113.4668","853970694951300","south korea","36.0","128.0","1061","travel counts"
"2024-11-09","1317763431707213","germany","51.0","10.0","321538001884900","bosnia and herzegovina","44.0","18.0","2153","travel counts"
"2024-11-09","384833669025234","slovenia","46.0","15.0","321538001884900","bosnia and herzegovina","44.0","18.0","5712","travel counts"
"2024-11-09","937148070010051","united states","40.0","-100.0","853970694951300","south korea","36.0","128.0","2333","travel counts"
"2024-11-09","463167797558589","taiwan","24.0","121.0","853970694951300","south korea","36.0","128.0","4931","travel counts"
"2024-11-09","2282619438622633","austria","48.0","14.0","321538001884900","bosnia and herzegovina","44.0","18.0","2829","travel counts"
"2024-11-09","414218989431133","honduras","14.633333","-86.816667","334673967182748","nicaragua","13.091380555556","-86.000988888889","1166","travel counts"
"2024-11-09","711084376012350","vietnam","14.016666666667","107.9","853970694951300","south korea","36.0","128.0","3921","travel counts"
"2024-11-09","2414720828591431","romania","46.0","25.0","616857608787515","hungary","47.0","19.0","9068","travel counts"
"2024-11-09","597585864063467","united arab emirates","23.783333","54.0","376031519676735","bangladesh","24.016667","89.866667","1390","travel counts"
"2024-11-09","2367165386637842","brazil","-11.0","-53.0","376031519676735","bangladesh","24.016667","89.866667","2220","travel counts"
"2024-11-09","419634095534324","malaysia","2.316667","111.55","376031519676735","bangladesh","24.016667","89.866667","1035","travel counts"
"2024-11-09","1025887597595017","georgia","42.016669444444","43.733330555556","323897801604514","armenia","40.383333","44.95","1037","travel counts"
"2024-11-09","1317763431707213","germany","51.0","10.0","616857608787515","hungary","47.0","19.0","8841","travel counts"
"2024-11-09","384833669025234","slovenia","46.0","15.0","616857608787515","hungary","47.0","19.0","1262","travel counts"
"2024-11-09","680120905754069","france","47.0","2.0","616857608787515","hungary","47.0","19.0","1562","travel counts"
"2024-11-09","417158592211893","india","21.0","77.0","376031519676735","bangladesh","24.016667","89.866667","20024","travel counts"
"2024-11-09","833225000389252","slovakia","49.0","20.0","616857608787515","hungary","47.0","19.0","8383","travel counts"
"2024-11-09","852597565113521","united kingdom","54.0","-2.0","616857608787515","hungary","47.0","19.0","2258","travel counts"
"2024-11-09","711084376012350","vietnam","14.016666666667","107.9","376031519676735","bangladesh","24.016667","89.866667","1138","travel counts"
"2024-11-09","921744301497079","argentina","-34.0","-64.0","376031519676735","bangladesh","24.016667","89.866667","1184","travel counts"
"2024-11-09","351886962112263","italy","43.0","12.0","616857608787515","hungary","47.0","19.0","4030","travel counts"
"2024-11-09","851705715169048","saudi arabia","23.716667","44.116667","376031519676735","bangladesh","24.016667","89.866667","2226","travel counts"
"2024-11-09","400835317162981","croatia","45.25","15.466667","616857608787515","hungary","47.0","19.0","1384","travel counts"
"2024-11-09","346733206197678","indonesia","-0.8349","113.4668","376031519676735","bangladesh","24.016667","89.866667","4767","travel counts"
"2024-11-09","1080265735511471","spain","40.0","-3.0","616857608787515","hungary","47.0","19.0","1096","travel counts"
"2024-11-09","2247289335332676","turkey","39.0","36.0","376031519676735","bangladesh","24.016667","89.866667","1338","travel counts"
"2024-11-09","366682297538943","pakistan","29.0","69.0","376031519676735","bangladesh","24.016667","89.866667","1810","travel counts"
"2024-11-09","401821703703677","serbia","43.95","20.933333333333","616857608787515","hungary","47.0","19.0","4106","travel counts"
"2024-11-09","1231810770328071","poland","52.0","19.0","616857608787515","hungary","47.0","19.0","3419","travel counts"
"2024-11-09","2282619438622633","austria","48.0","14.0","616857608787515","hungary","47.0","19.0","33663","travel counts"
"2024-11-09","810648062654687","canada","56.0","-109.0","1046047628918648","dominican republic","19.0","-70.666667","2304","travel counts"
"2024-11-09","937148070010051","united states","40.0","-100.0","1046047628918648","dominican republic","19.0","-70.666667","7701","travel counts"
"2024-11-09","290913558509638","haiti","19.1","-72.33","1046047628918648","dominican republic","19.0","-70.666667","1128","travel counts"
"2024-11-09","661116984348270","el salvador","13.668889","-88.866111","1212072302300528","guatemala","15.5","-90.25","3633","travel counts"
"2024-11-09","345922999375723","bolivia","-17.056869611111","-64.991228611111","921744301497079","argentina","-34.0","-64.0","2768","travel counts"
"2024-11-09","937148070010051","united states","40.0","-100.0","1212072302300528","guatemala","15.5","-90.25","2686","travel counts"
"2024-11-09","937148070010051","united states","40.0","-100.0","921744301497079","argentina","-34.0","-64.0","1172","travel counts"
"2024-11-09","321538001884900","bosnia and herzegovina","44.0","18.0","400835317162981","croatia","45.25","15.466667","6964","travel counts"
"2024-11-09","417045315510881","czech republic","50.0","16.0","616857608787515","hungary","47.0","19.0","3488","travel counts"
"2024-11-09","2282619438622633","austria","48.0","14.0","400835317162981","croatia","45.25","15.466667","5397","travel counts"
"2024-11-09","616857608787515","hungary","47.0","19.0","400835317162981","croatia","45.25","15.466667","1716","travel counts"
"2024-11-09","351886962112263","italy","43.0","12.0","400835317162981","croatia","45.25","15.466667","6743","travel counts"
"2024-11-09","384833669025234","slovenia","46.0","15.0","400835317162981","croatia","45.25","15.466667","11269","travel counts"
"2024-11-09","401821703703677","serbia","43.95","20.933333333333","400835317162981","croatia","45.25","15.466667","3108","travel counts"
"2024-11-09","1317763431707213","germany","51.0","10.0","400835317162981","croatia","45.25","15.466667","4112","travel counts"
"2024-11-09","1317763431707213","germany","51.0","10.0","731553183908171","kosovo","42.6","20.85","1279","travel counts"
"2024-11-09","401821703703677","serbia","43.95","20.933333333333","731553183908171","kosovo","42.6","20.85","2711","travel counts"
"2024-11-09","2272551262804931","albania","41.0","20.0","731553183908171","kosovo","42.6","20.85","2001","travel counts"
"2024-11-09","414218989431133","honduras","14.633333","-86.816667","1212072302300528","guatemala","15.5","-90.25","1657","travel counts"
"2024-11-09","376031519676735","bangladesh","24.016667","89.866667","921744301497079","argentina","-34.0","-64.0","1187","travel counts"
"2024-11-09","2367165386637842","brazil","-11.0","-53.0","921744301497079","argentina","-34.0","-64.0","6800","travel counts"
"2024-11-09","606189189846925","uruguay","-32.733333","-56.65","921744301497079","argentina","-34.0","-64.0","5252","travel counts"
"2024-11-09","2103842606572854","chile","-31.0","-71.0","921744301497079","argentina","-34.0","-64.0","6197","travel counts"
"2024-11-09","427725857796526","paraguay","-23.266667","-58.083333","921744301497079","argentina","-34.0","-64.0","4778","travel counts"
"2024-11-09","921744301497079","argentina","-34.0","-64.0","427725857796526","paraguay","-23.266667","-58.083333","5628","travel counts"
"2024-11-09","2367165386637842","brazil","-11.0","-53.0","427725857796526","paraguay","-23.266667","-58.083333","12413","travel counts"
"2024-11-09","417158592211893","india","21.0","77.0","810648062654687","canada","56.0","-109.0","1600","travel counts"
"2024-11-09","362070071076950","netherlands","52.316666666667","5.55","417045315510881","czech republic","50.0","16.0","1289","travel counts"
"2024-11-09","1317763431707213","germany","51.0","10.0","417045315510881","czech republic","50.0","16.0","29329","travel counts"
"2024-11-09","1231810770328071","poland","52.0","19.0","417045315510881","czech republic","50.0","16.0","13644","travel counts"
"2024-11-09","680120905754069","france","47.0","2.0","417045315510881","czech republic","50.0","16.0","1697","travel counts"
"2024-11-09","351886962112263","italy","43.0","12.0","417045315510881","czech republic","50.0","16.0","2384","travel counts"
"2024-11-09","852597565113521","united kingdom","54.0","-2.0","417045315510881","czech republic","50.0","16.0","2688","travel counts"
"2024-11-09","852597565113521","united kingdom","54.0","-2.0","810648062654687","canada","56.0","-109.0","1588","travel counts"
"2024-11-09","343315869635106","philippines","11.333330555556","123.01666944444","810648062654687","canada","56.0","-109.0","1560","travel counts"
"2024-11-09","1046047628918648","dominican republic","19.0","-70.666667","810648062654687","canada","56.0","-109.0","1827","travel counts"
"2024-11-09","680120905754069","france","47.0","2.0","810648062654687","canada","56.0","-109.0","1730","travel counts"
"2024-11-09","937148070010051","united states","40.0","-100.0","810648062654687","canada","56.0","-109.0","68825","travel counts"
"2024-11-09","2282619438622633","austria","48.0","14.0","417045315510881","czech republic","50.0","16.0","9106","travel counts"
"2024-11-09","616857608787515","hungary","47.0","19.0","417045315510881","czech republic","50.0","16.0","2161","travel counts"
"2024-11-09","833225000389252","slovakia","49.0","20.0","417045315510881","czech republic","50.0","16.0","11351","travel counts"
"2024-11-09","433497307408292","thailand","15.0","101.0","365511357395737","laos","19.366667","102.566667","25122","travel counts"
"2024-11-09","345922999375723","bolivia","-17.056869611111","-64.991228611111","2367165386637842","brazil","-11.0","-53.0","1911","travel counts"
"2024-11-09","711084376012350","vietnam","14.016666666667","107.9","365511357395737","laos","19.366667","102.566667","5229","travel counts"
"2024-11-09","312478709447704","portugal","38.7","-9.1833333333333","2367165386637842","brazil","-11.0","-53.0","2291","travel counts"
"2024-11-09","414218989431133","honduras","14.633333","-86.816667","661116984348270","el salvador","13.668889","-88.866111","1995","travel counts"
"2024-11-09","1212072302300528","guatemala","15.5","-90.25","661116984348270","el salvador","13.668889","-88.866111","3734","travel counts"
"2024-11-09","2103842606572854","chile","-31.0","-71.0","2367165386637842","brazil","-11.0","-53.0","1653","travel counts"
"2024-11-09","937148070010051","united states","40.0","-100.0","2367165386637842","brazil","-11.0","-53.0","3121","travel counts"
"2024-11-09","606189189846925","uruguay","-32.733333","-56.65","2367165386637842","brazil","-11.0","-53.0","5928","travel counts"
"2024-11-09","657349034710714","colombia","3.816667","-73.916667","2367165386637842","brazil","-11.0","-53.0","1592","travel counts"
"2024-11-09","937148070010051","united states","40.0","-100.0","661116984348270","el salvador","13.668889","-88.866111","2898","travel counts"
"2024-11-09","427725857796526","paraguay","-23.266667","-58.083333","2367165386637842","brazil","-11.0","-53.0","10588","travel counts"
"2024-11-09","376031519676735","bangladesh","24.016667","89.866667","2367165386637842","brazil","-11.0","-53.0","2058","travel counts"
"2024-11-09","921744301497079","argentina","-34.0","-64.0","2367165386637842","brazil","-11.0","-53.0","5603","travel counts"
"2024-11-09","937148070010051","united states","40.0","-100.0","381900512398634","ecuador","-1.4666666666667","-78.816666666667","3217","travel counts"
"2024-11-09","2414720828591431","romania","46.0","25.0","401821703703677","serbia","43.95","20.933333333333","1558","travel counts"
"2024-11-09","407219260067826","bulgaria","42.75","25.5","401821703703677","serbia","43.95","20.933333333333","2367","travel counts"
"2024-11-09","657349034710714","colombia","3.816667","-73.916667","381900512398634","ecuador","-1.4666666666667","-78.816666666667","6920","travel counts"
"2024-11-09","2900912886801030","togo","8.25","1.183333","587958885041696","ghana","8.0","-1.0","1134","travel counts"
"2024-11-09","2230412020541290","montenegro","42.766667","19.216667","401821703703677","serbia","43.95","20.933333333333","1426","travel counts"
"2024-11-09","1983580781764432","peru","-8.0","-78.0","381900512398634","ecuador","-1.4666666666667","-78.816666666667","1955","travel counts"
"2024-11-09","2282619438622633","austria","48.0","14.0","401821703703677","serbia","43.95","20.933333333333","2342","travel counts"
"2024-11-09","1317763431707213","germany","51.0","10.0","401821703703677","serbia","43.95","20.933333333333","1903","travel counts"
"2024-11-09","711084376012350","vietnam","14.016666666667","107.9","642311629554632","cambodia","12.733333","105.666667","9330","travel counts"
"2024-11-09","403586003810080","south africa","-29.0","24.0","393732134690462","lesotho","-29.55","28.25","1766","travel counts"
"2024-11-09","296001557980979","uzbekistan","41.666667","64.066667","1268336069999928","kazakhstan","48.0","68.0","1029","travel counts"
"2024-11-09","433497307408292","thailand","15.0","101.0","642311629554632","cambodia","12.733333","105.666667","19736","travel counts"
"2024-11-09","321538001884900","bosnia and herzegovina","44.0","18.0","401821703703677","serbia","43.95","20.933333333333","4110","travel counts"
"2024-11-09","1080265735511471","spain","40.0","-3.0","2248438692082669","andorra","42.558333333333","1.5552777777778","2079","travel counts"
"2024-11-09","731553183908171","kosovo","42.6","20.85","401821703703677","serbia","43.95","20.933333333333","2967","travel counts"
"2024-11-09","400835317162981","croatia","45.25","15.466667","401821703703677","serbia","43.95","20.933333333333","3018","travel counts"
"2024-11-09","475814519825093","belgium","51.0","5.0","401821703703677","serbia","43.95","20.933333333333","1453","travel counts"
"2024-11-09","616857608787515","hungary","47.0","19.0","401821703703677","serbia","43.95","20.933333333333","4095","travel counts"
"2024-11-09","680120905754069","france","47.0","2.0","2248438692082669","andorra","42.558333333333","1.5552777777778","2444","travel counts"
"2024-11-09","413747449426625","uganda","1.28","32.39","329943604389570","kenya","0.4","37.85","1319","travel counts"
"2024-11-09","404248986794508","tanzania","-6.307","34.854","329943604389570","kenya","0.4","37.85","1050","travel counts"
"2024-11-09","417158592211893","india","21.0","77.0","1462081337261943","bhutan","27.45","90.5","4467","travel counts"
"2024-11-09","1317763431707213","germany","51.0","10.0","1080265735511471","spain","40.0","-3.0","8030","travel counts"
"2024-11-09","616857608787515","hungary","47.0","19.0","1080265735511471","spain","40.0","-3.0","1092","travel counts"
"2024-11-09","2214566348625267","costa rica","10.0","-84.0","372761139998054","panama","8.616667","-80.366667","2073","travel counts"
"2024-11-09","937148070010051","united states","40.0","-100.0","372761139998054","panama","8.616667","-80.366667","1275","travel counts"
"2024-11-09","657349034710714","colombia","3.816667","-73.916667","372761139998054","panama","8.616667","-80.366667","1441","travel counts"
"2024-11-09","1317763431707213","germany","51.0","10.0","680120905754069","france","47.0","2.0","29280","travel counts"
"2024-11-09","2282619438622633","austria","48.0","14.0","680120905754069","france","47.0","2.0","1195","travel counts"
"2024-11-09","475814519825093","belgium","51.0","5.0","680120905754069","france","47.0","2.0","65856","travel counts"
"2024-11-09","351886962112263","italy","43.0","12.0","680120905754069","france","47.0","2.0","21777","travel counts"
"2024-11-09","806572816378642","tunisia","34.0","9.0","680120905754069","france","47.0","2.0","2663","travel counts"
"2024-11-09","1080265735511471","spain","40.0","-3.0","680120905754069","france","47.0","2.0","27201","travel counts"
"2024-11-09","417045315510881","czech republic","50.0","16.0","680120905754069","france","47.0","2.0","1348","travel counts"
"2024-11-09","404888597011746","luxembourg","49.77","6.13","680120905754069","france","47.0","2.0","40293","travel counts"
"2024-11-09","425473528186094","switzerland","46.798562","8.231973","680120905754069","france","47.0","2.0","81150","travel counts"
"2024-11-09","1231810770328071","poland","52.0","19.0","680120905754069","france","47.0","2.0","1970","travel counts"
"2024-11-09","1693686944068084","ireland","53.4469834801","-7.08056729059","680120905754069","france","47.0","2.0","1231","travel counts"
"2024-11-09","314322742593141","denmark","56.0","10.0","680120905754069","france","47.0","2.0","1214","travel counts"
"2024-11-09","937148070010051","united states","40.0","-100.0","1080265735511471","spain","40.0","-3.0","4880","travel counts"
"2024-11-09","314322742593141","denmark","56.0","10.0","1080265735511471","spain","40.0","-3.0","3196","travel counts"
"2024-11-09","1693686944068084","ireland","53.4469834801","-7.08056729059","1080265735511471","spain","40.0","-3.0","2934","travel counts"
"2024-11-09","852597565113521","united kingdom","54.0","-2.0","1080265735511471","spain","40.0","-3.0","34278","travel counts"
"2024-11-09","1231810770328071","poland","52.0","19.0","1080265735511471","spain","40.0","-3.0","3625","travel counts"
"2024-11-09","312478709447704","portugal","38.7","-9.1833333333333","1080265735511471","spain","40.0","-3.0","17348","travel counts"
"2024-11-09","362070071076950","netherlands","52.316666666667","5.55","1080265735511471","spain","40.0","-3.0","4933","travel counts"
"2024-11-09","429706144459641","malta","35.8854","14.4302","1080265735511471","spain","40.0","-3.0","1380","travel counts"
"2024-11-09","810648062654687","canada","56.0","-109.0","680120905754069","france","47.0","2.0","2113","travel counts"
"2024-11-09","852597565113521","united kingdom","54.0","-2.0","680120905754069","france","47.0","2.0","19100","travel counts"
"2024-11-09","2247289335332676","turkey","39.0","36.0","680120905754069","france","47.0","2.0","1625","travel counts"
"2024-11-09","452507115497292","nigeria","9.0","8.0","396549551185340","benin","8.833333","2.183333","1224","travel counts"
"2024-11-09","351886962112263","italy","43.0","12.0","852597565113521","united kingdom","54.0","-2.0","9906","travel counts"
"2024-11-09","433497307408292","thailand","15.0","101.0","852597565113521","united kingdom","54.0","-2.0","1226","travel counts"
"2024-11-09","616857608787515","hungary","47.0","19.0","680120905754069","france","47.0","2.0","1260","travel counts"
"2024-11-09","417045315510881","czech republic","50.0","16.0","351886962112263","italy","43.0","12.0","1861","travel counts"
"2024-11-09","400835317162981","croatia","45.25","15.466667","351886962112263","italy","43.0","12.0","2957","travel counts"
"2024-11-09","314322742593141","denmark","56.0","10.0","351886962112263","italy","43.0","12.0","1063","travel counts"
"2024-11-09","1080265735511471","spain","40.0","-3.0","351886962112263","italy","43.0","12.0","11932","travel counts"
"2024-11-09","351785358793117","greece","39.0","22.0","351886962112263","italy","43.0","12.0","2862","travel counts"
"2024-11-09","2414720828591431","romania","46.0","25.0","351886962112263","italy","43.0","12.0","5840","travel counts"
"2024-11-09","419387851957862","egypt","26.0","29.0","351886962112263","italy","43.0","12.0","1483","travel counts"
"2024-11-09","407219260067826","bulgaria","42.75","25.5","351886962112263","italy","43.0","12.0","1434","travel counts"
"2024-11-09","1231810770328071","poland","52.0","19.0","351886962112263","italy","43.0","12.0","4685","travel counts"
"2024-11-09","616857608787515","hungary","47.0","19.0","351886962112263","italy","43.0","12.0","3465","travel counts"
"2024-11-09","362070071076950","netherlands","52.316666666667","5.55","351886962112263","italy","43.0","12.0","2432","travel counts"
"2024-11-09","312478709447704","portugal","38.7","-9.1833333333333","351886962112263","italy","43.0","12.0","1892","travel counts"
"2024-11-09","2247289335332676","turkey","39.0","36.0","351886962112263","italy","43.0","12.0","1472","travel counts"
"2024-11-09","417158592211893","india","21.0","77.0","852597565113521","united kingdom","54.0","-2.0","2965","travel counts"
"2024-11-09","810648062654687","canada","56.0","-109.0","852597565113521","united kingdom","54.0","-2.0","1911","travel counts"
"2024-11-09","2414720828591431","romania","46.0","25.0","852597565113521","united kingdom","54.0","-2.0","4637","travel counts"
"2024-11-09","490600838138401","barbados","13.166666666667","-59.55","852597565113521","united kingdom","54.0","-2.0","1646","travel counts"
"2024-11-09","1080265735511471","spain","40.0","-3.0","852597565113521","united kingdom","54.0","-2.0","32130","travel counts"
"2024-11-09","351785358793117","greece","39.0","22.0","852597565113521","united kingdom","54.0","-2.0","2751","travel counts"
"2024-11-09","2414720828591431","romania","46.0","25.0","680120905754069","france","47.0","2.0","1793","travel counts"
"2024-11-09","937148070010051","united states","40.0","-100.0","680120905754069","france","47.0","2.0","5399","travel counts"
"2024-11-09","623759951440132","norway","61.0","8.0","1080265735511471","spain","40.0","-3.0","4295","travel counts"
"2024-11-09","2318040415151986","algeria","28.0","2.0","680120905754069","france","47.0","2.0","2671","travel counts"
"2024-11-09","362070071076950","netherlands","52.316666666667","5.55","680120905754069","france","47.0","2.0","7205","travel counts"
"2024-11-09","312478709447704","portugal","38.7","-9.1833333333333","680120905754069","france","47.0","2.0","6388","travel counts"
"2024-11-09","937148070010051","united states","40.0","-100.0","351886962112263","italy","43.0","12.0","3690","travel counts"
"2024-11-09","475814519825093","belgium","51.0","5.0","351886962112263","italy","43.0","12.0","3211","travel counts"
"2024-11-09","597585864063467","united arab emirates","23.783333","54.0","351886962112263","italy","43.0","12.0","1075","travel counts"
"2024-11-09","429706144459641","malta","35.8854","14.4302","351886962112263","italy","43.0","12.0","2503","travel counts"
"2024-11-09","2282619438622633","austria","48.0","14.0","351886962112263","italy","43.0","12.0","7157","travel counts"
"2024-11-09","425473528186094","switzerland","46.798562","8.231973","852597565113521","united kingdom","54.0","-2.0","2106","travel counts"
"2024-11-09","419387851957862","egypt","26.0","29.0","852597565113521","united kingdom","54.0","-2.0","2360","travel counts"
"2024-11-09","1246147782210951","australia","-25.0","135.0","852597565113521","united kingdom","54.0","-2.0","1016","travel counts"
"2024-11-09","852597565113521","united kingdom","54.0","-2.0","351886962112263","italy","43.0","12.0","9181","travel counts"
"2024-11-09","425473528186094","switzerland","46.798562","8.231973","351886962112263","italy","43.0","12.0","38342","travel counts"
"2024-11-09","1317763431707213","germany","51.0","10.0","351886962112263","italy","43.0","12.0","11325","travel counts"
"2024-11-09","627913770953274","sweden","61.0","15.0","852597565113521","united kingdom","54.0","-2.0","2111","travel counts"
"2024-11-09","817571401952819","qatar","25.269535","51.212767","852597565113521","united kingdom","54.0","-2.0","1044","travel counts"
"2024-11-09","1693686944068084","ireland","53.4469834801","-7.08056729059","852597565113521","united kingdom","54.0","-2.0","33919","travel counts"
"2024-11-09","314322742593141","denmark","56.0","10.0","852597565113521","united kingdom","54.0","-2.0","3371","travel counts"
"2024-11-09","623759951440132","norway","61.0","8.0","852597565113521","united kingdom","54.0","-2.0","3539","travel counts"
"2024-11-09","2272551262804931","albania","41.0","20.0","351886962112263","italy","43.0","12.0","2486","travel counts"
"2024-11-09","323897801604514","armenia","40.383333","44.95","1025887597595017","georgia","42.016669444444","43.733330555556","1386","travel counts"
"2024-11-09","2247289335332676","turkey","39.0","36.0","535485520310127","cyprus","35.0","33.0","2772","travel counts"
"2024-11-09","417045315510881","czech republic","50.0","16.0","852597565113521","united kingdom","54.0","-2.0","2665","travel counts"
"2024-11-09","571822773304405","lithuania","55.5","24.0","852597565113521","united kingdom","54.0","-2.0","1184","travel counts"
"2024-11-09","2282619438622633","austria","48.0","14.0","852597565113521","united kingdom","54.0","-2.0","1315","travel counts"
"2024-11-09","535485520310127","cyprus","35.0","33.0","852597565113521","united kingdom","54.0","-2.0","1319","travel counts"
"2024-11-09","366682297538943","pakistan","29.0","69.0","852597565113521","united kingdom","54.0","-2.0","1151","travel counts"
"2024-11-09","286283495607273","jersey","49.19","-2.11","852597565113521","united kingdom","54.0","-2.0","1231","travel counts"
"2024-11-09","401821703703677","serbia","43.95","20.933333333333","351886962112263","italy","43.0","12.0","2575","travel counts"
"2024-11-09","680120905754069","france","47.0","2.0","351886962112263","italy","43.0","12.0","26739","travel counts"
"2024-11-09","2666999523371674","san marino","43.933333333333","12.466666666667","351886962112263","italy","43.0","12.0","5013","travel counts"
"2024-11-09","384833669025234","slovenia","46.0","15.0","351886962112263","italy","43.0","12.0","4542","travel counts"
"2024-11-09","2247289335332676","turkey","39.0","36.0","1025887597595017","georgia","42.016669444444","43.733330555556","2657","travel counts"
"2024-11-09","475814519825093","belgium","51.0","5.0","852597565113521","united kingdom","54.0","-2.0","5607","travel counts"
"2024-11-09","597585864063467","united arab emirates","23.783333","54.0","852597565113521","united kingdom","54.0","-2.0","3782","travel counts"
"2024-11-09","2247289335332676","turkey","39.0","36.0","852597565113521","united kingdom","54.0","-2.0","6747","travel counts"
"2024-11-09","1317763431707213","germany","51.0","10.0","852597565113521","united kingdom","54.0","-2.0","7436","travel counts"
"2024-11-09","362070071076950","netherlands","52.316666666667","5.55","852597565113521","united kingdom","54.0","-2.0","8354","travel counts"
"2024-11-09","312478709447704","portugal","38.7","-9.1833333333333","852597565113521","united kingdom","54.0","-2.0","6088","travel counts"
"2024-11-09","937148070010051","united states","40.0","-100.0","852597565113521","united kingdom","54.0","-2.0","14706","travel counts"
"2024-11-09","1231810770328071","poland","52.0","19.0","852597565113521","united kingdom","54.0","-2.0","8478","travel counts"
"2024-11-09","616857608787515","hungary","47.0","19.0","852597565113521","united kingdom","54.0","-2.0","2165","travel counts"
"2024-11-09","429706144459641","malta","35.8854","14.4302","852597565113521","united kingdom","54.0","-2.0","1651","travel counts"
"2024-11-09","852597565113521","united kingdom","54.0","-2.0","535485520310127","cyprus","35.0","33.0","2117","travel counts"
"2024-11-09","351785358793117","greece","39.0","22.0","535485520310127","cyprus","35.0","33.0","1386","travel counts"
"2024-11-09","296001557980979","uzbekistan","41.666667","64.066667","405132336971648","kyrgyzstan","41.266667","74.983333","1016","travel counts"
"2024-11-09","582383768947260","iceland","64.830555555556","-17.986666666667","852597565113521","united kingdom","54.0","-2.0","1048","travel counts"
"2024-11-09","680120905754069","france","47.0","2.0","852597565113521","united kingdom","54.0","-2.0","22764","travel counts"
"2024-11-09","1317763431707213","germany","51.0","10.0","475814519825093","belgium","51.0","5.0","11955","travel counts"
"2024-11-09","401821703703677","serbia","43.95","20.933333333333","475814519825093","belgium","51.0","5.0","1583","travel counts"
"2024-11-09","680120905754069","france","47.0","2.0","475814519825093","belgium","51.0","5.0","46498","travel counts"
"2024-11-09","817571401952819","qatar","25.269535","51.212767","597585864063467","united arab emirates","23.783333","54.0","2335","travel counts"
"2024-11-09","1080265735511471","spain","40.0","-3.0","475814519825093","belgium","51.0","5.0","4389","travel counts"
"2024-11-09","407219260067826","bulgaria","42.75","25.5","852597565113521","united kingdom","54.0","-2.0","1693","travel counts"
"2024-11-09","417158592211893","india","21.0","77.0","711084376012350","vietnam","14.016666666667","107.9","1035","travel counts"
"2024-11-09","1246147782210951","australia","-25.0","135.0","711084376012350","vietnam","14.016666666667","107.9","1733","travel counts"
"2024-11-09","793335024385721","japan","35.0","136.0","711084376012350","vietnam","14.016666666667","107.9","3331","travel counts"
"2024-11-09","419634095534324","malaysia","2.316667","111.55","711084376012350","vietnam","14.016666666667","107.9","2111","travel counts"
"2024-11-09","343315869635106","philippines","11.333330555556","123.01666944444","711084376012350","vietnam","14.016666666667","107.9","1724","travel counts"
"2024-11-09","806572816378642","tunisia","34.0","9.0","2117103768344082","libya","27.0","17.0","3482","travel counts"
"2024-11-09","407219260067826","bulgaria","42.75","25.5","351785358793117","greece","39.0","22.0","4523","travel counts"
"2024-11-09","463167797558589","taiwan","24.0","121.0","343315869635106","philippines","11.333330555556","123.01666944444","2885","travel counts"
"2024-11-09","2414720828591431","romania","46.0","25.0","1080265735511471","spain","40.0","-3.0","1720","travel counts"
"2024-11-09","417045315510881","czech republic","50.0","16.0","1080265735511471","spain","40.0","-3.0","1014","travel counts"
"2024-11-09","2248438692082669","andorra","42.558333333333","1.5552777777778","1080265735511471","spain","40.0","-3.0","2033","travel counts"
"2024-11-09","680120905754069","france","47.0","2.0","1080265735511471","spain","40.0","-3.0","43735","travel counts"
"2024-11-09","351886962112263","italy","43.0","12.0","1080265735511471","spain","40.0","-3.0","11970","travel counts"
"2024-11-09","475814519825093","belgium","51.0","5.0","1080265735511471","spain","40.0","-3.0","5855","travel counts"
"2024-11-09","657349034710714","colombia","3.816667","-73.916667","1080265735511471","spain","40.0","-3.0","1537","travel counts"
"2024-11-09","627913770953274","sweden","61.0","15.0","1080265735511471","spain","40.0","-3.0","4406","travel counts"
"2024-11-09","331955067734176","finland","64.0","26.0","1080265735511471","spain","40.0","-3.0","1497","travel counts"
"2024-11-09","425473528186094","switzerland","46.798562","8.231973","1080265735511471","spain","40.0","-3.0","2402","travel counts"
"2024-11-09","376031519676735","bangladesh","24.016667","89.866667","597585864063467","united arab emirates","23.783333","54.0","1371","travel counts"
"2024-11-09","351886962112263","italy","43.0","12.0","475814519825093","belgium","51.0","5.0","2306","travel counts"
"2024-11-09","401821703703677","serbia","43.95","20.933333333333","2230412020541290","montenegro","42.766667","19.216667","2461","travel counts"
"2024-11-09","365511357395737","laos","19.366667","102.566667","711084376012350","vietnam","14.016666666667","107.9","5307","travel counts"
"2024-11-09","853970694951300","south korea","36.0","128.0","711084376012350","vietnam","14.016666666667","107.9","4416","travel counts"
"2024-11-09","463167797558589","taiwan","24.0","121.0","711084376012350","vietnam","14.016666666667","107.9","5678","travel counts"
"2024-11-09","346733206197678","indonesia","-0.8349","113.4668","711084376012350","vietnam","14.016666666667","107.9","1415","travel counts"
"2024-11-09","417158592211893","india","21.0","77.0","597585864063467","united arab emirates","23.783333","54.0","8948","travel counts"
"2024-11-09","2414720828591431","romania","46.0","25.0","475814519825093","belgium","51.0","5.0","1378","travel counts"
"2024-11-09","419387851957862","egypt","26.0","29.0","597585864063467","united arab emirates","23.783333","54.0","2239","travel counts"
"2024-11-09","1231810770328071","poland","52.0","19.0","475814519825093","belgium","51.0","5.0","1418","travel counts"
"2024-11-09","362070071076950","netherlands","52.316666666667","5.55","475814519825093","belgium","51.0","5.0","49820","travel counts"
"2024-11-09","433497307408292","thailand","15.0","101.0","597585864063467","united arab emirates","23.783333","54.0","1142","travel counts"
"2024-11-09","343315869635106","philippines","11.333330555556","123.01666944444","597585864063467","united arab emirates","23.783333","54.0","2447","travel counts"
"2024-11-09","433497307408292","thailand","15.0","101.0","711084376012350","vietnam","14.016666666667","107.9","4960","travel counts"
"2024-11-09","851705715169048","saudi arabia","23.716667","44.116667","597585864063467","united arab emirates","23.783333","54.0","2804","travel counts"
"2024-11-09","417158592211893","india","21.0","77.0","1246147782210951","australia","-25.0","135.0","1552","travel counts"
"2024-11-09","497698334094409","fiji","-18.0","178.0","1246147782210951","australia","-25.0","135.0","1226","travel counts"
"2024-11-09","793335024385721","japan","35.0","136.0","1246147782210951","australia","-25.0","135.0","1686","travel counts"
"2024-11-09","419634095534324","malaysia","2.316667","111.55","1246147782210951","australia","-25.0","135.0","1289","travel counts"
"2024-11-09","346733206197678","indonesia","-0.8349","113.4668","1246147782210951","australia","-25.0","135.0","5397","travel counts"
"2024-11-09","343315869635106","philippines","11.333330555556","123.01666944444","1246147782210951","australia","-25.0","135.0","1825","travel counts"
"2024-11-09","642311629554632","cambodia","12.733333","105.666667","711084376012350","vietnam","14.016666666667","107.9","10565","travel counts"
"2024-11-09","376031519676735","bangladesh","24.016667","89.866667","711084376012350","vietnam","14.016666666667","107.9","1176","travel counts"
"2024-11-09","597585864063467","united arab emirates","23.783333","54.0","433497307408292","thailand","15.0","101.0","1086","travel counts"
"2024-11-09","711084376012350","vietnam","14.016666666667","107.9","433497307408292","thailand","15.0","101.0","4408","travel counts"
"2024-11-09","853970694951300","south korea","36.0","128.0","433497307408292","thailand","15.0","101.0","2734","travel counts"
"2024-11-09","425473528186094","switzerland","46.798562","8.231973","1231810770328071","poland","52.0","19.0","1096","travel counts"
"2024-11-09","616857608787515","hungary","47.0","19.0","1231810770328071","poland","52.0","19.0","2234","travel counts"
"2024-11-09","680120905754069","france","47.0","2.0","1231810770328071","poland","52.0","19.0","2421","travel counts"
"2024-11-09","351886962112263","italy","43.0","12.0","1231810770328071","poland","52.0","19.0","3835","travel counts"
"2024-11-09","627913770953274","sweden","61.0","15.0","1231810770328071","poland","52.0","19.0","3608","travel counts"
"2024-11-09","366682297538943","pakistan","29.0","69.0","597585864063467","united arab emirates","23.783333","54.0","4055","travel counts"
"2024-11-09","827650550921642","latvia","57.0","25.0","505239163341639","estonia","59.0","26.0","2344","travel counts"
"2024-11-09","937148070010051","united states","40.0","-100.0","1246147782210951","australia","-25.0","135.0","2533","travel counts"
"2024-11-09","937148070010051","united states","40.0","-100.0","2272822426127539","puerto rico","18.25","-66.5","12201","travel counts"
"2024-11-09","851705715169048","saudi arabia","23.716667","44.116667","2176702002437188","bahrain","26.0275","50.55","2279","travel counts"
"2024-11-09","937148070010051","united states","40.0","-100.0","597585864063467","united arab emirates","23.783333","54.0","1987","travel counts"
"2024-11-09","852597565113521","united kingdom","54.0","-2.0","475814519825093","belgium","51.0","5.0","5021","travel counts"
"2024-11-09","852597565113521","united kingdom","54.0","-2.0","597585864063467","united arab emirates","23.783333","54.0","3608","travel counts"
"2024-11-09","404888597011746","luxembourg","49.77","6.13","475814519825093","belgium","51.0","5.0","21124","travel counts"
"2024-11-09","422079025311801","oman","20.233333","55.966667","597585864063467","united arab emirates","23.783333","54.0","1630","travel counts"
"2024-11-09","2247289335332676","turkey","39.0","36.0","1231810770328071","poland","52.0","19.0","1348","travel counts"
"2024-11-09","1080265735511471","spain","40.0","-3.0","1231810770328071","poland","52.0","19.0","2923","travel counts"
"2024-11-09","463167797558589","taiwan","24.0","121.0","433497307408292","thailand","15.0","101.0","5521","travel counts"
"2024-11-09","1246147782210951","australia","-25.0","135.0","433497307408292","thailand","15.0","101.0","2293","travel counts"
"2024-11-09","419634095534324","malaysia","2.316667","111.55","433497307408292","thailand","15.0","101.0","22382","travel counts"
"2024-11-09","793335024385721","japan","35.0","136.0","433497307408292","thailand","15.0","101.0","6514","travel counts"
"2024-11-09","331955067734176","finland","64.0","26.0","505239163341639","estonia","59.0","26.0","7004","travel counts"
"2024-11-09","1317763431707213","germany","51.0","10.0","404888597011746","luxembourg","49.77","6.13","4677","travel counts"
"2024-11-09","475814519825093","belgium","51.0","5.0","404888597011746","luxembourg","49.77","6.13","6955","travel counts"
"2024-11-09","680120905754069","france","47.0","2.0","404888597011746","luxembourg","49.77","6.13","9055","travel counts"
"2024-11-09","417045315510881","czech republic","50.0","16.0","1231810770328071","poland","52.0","19.0","12951","travel counts"
"2024-11-09","852597565113521","united kingdom","54.0","-2.0","1231810770328071","poland","52.0","19.0","9034","travel counts"
"2024-11-09","2103842606572854","chile","-31.0","-71.0","1983580781764432","peru","-8.0","-78.0","4137","travel counts"
"2024-11-09","937148070010051","united states","40.0","-100.0","1983580781764432","peru","-8.0","-78.0","2375","travel counts"
"2024-11-09","852597565113521","united kingdom","54.0","-2.0","1246147782210951","australia","-25.0","135.0","1382","travel counts"
"2024-11-09","346733206197678","indonesia","-0.8349","113.4668","433497307408292","thailand","15.0","101.0","3891","travel counts"
"2024-11-09","403586003810080","south africa","-29.0","24.0","379833772609059","swaziland","-26.483333","31.433333","1829","travel counts"
"2024-11-09","1317763431707213","germany","51.0","10.0","1231810770328071","poland","52.0","19.0","67574","travel counts"
"2024-11-09","833225000389252","slovakia","49.0","20.0","1231810770328071","poland","52.0","19.0","5838","travel counts"
"2024-11-09","571822773304405","lithuania","55.5","24.0","1231810770328071","poland","52.0","19.0","3555","travel counts"
"2024-11-09","314322742593141","denmark","56.0","10.0","1231810770328071","poland","52.0","19.0","3442","travel counts"
"2024-11-09","623759951440132","norway","61.0","8.0","1231810770328071","poland","52.0","19.0","2703","travel counts"
"2024-11-09","381900512398634","ecuador","-1.4666666666667","-78.816666666667","1983580781764432","peru","-8.0","-78.0","2184","travel counts"
"2024-11-09","417158592211893","india","21.0","77.0","433497307408292","thailand","15.0","101.0","3494","travel counts"
"2024-11-09","1317763431707213","germany","51.0","10.0","433497307408292","thailand","15.0","101.0","1109","travel counts"
"2024-11-09","365511357395737","laos","19.366667","102.566667","433497307408292","thailand","15.0","101.0","28589","travel counts"
"2024-11-09","642311629554632","cambodia","12.733333","105.666667","433497307408292","thailand","15.0","101.0","20408","travel counts"
"2024-11-09","343315869635106","philippines","11.333330555556","123.01666944444","433497307408292","thailand","15.0","101.0","2539","travel counts"
"2024-11-09","711084376012350","vietnam","14.016666666667","107.9","1246147782210951","australia","-25.0","135.0","1644","travel counts"
"2024-11-09","433497307408292","thailand","15.0","101.0","1246147782210951","australia","-25.0","135.0","2249","travel counts"
"2024-11-09","384063729112550","new zealand","-42.0","174.0","1246147782210951","australia","-25.0","135.0","5313","travel counts"
"2024-11-09","937148070010051","united states","40.0","-100.0","2318040415151986","algeria","28.0","2.0","1378","travel counts"
"2024-11-09","680120905754069","france","47.0","2.0","2318040415151986","algeria","28.0","2.0","2860","travel counts"
"2024-11-09","806572816378642","tunisia","34.0","9.0","2318040415151986","algeria","28.0","2.0","2671","travel counts"
"2024-11-09","2282619438622633","austria","48.0","14.0","1231810770328071","poland","52.0","19.0","4836","travel counts"
"2024-11-09","475814519825093","belgium","51.0","5.0","1231810770328071","poland","52.0","19.0","2946","travel counts"
"2024-11-09","362070071076950","netherlands","52.316666666667","5.55","1231810770328071","poland","52.0","19.0","5494","travel counts"
"2024-11-09","345922999375723","bolivia","-17.056869611111","-64.991228611111","1983580781764432","peru","-8.0","-78.0","2020","travel counts"
"2024-11-09","657349034710714","colombia","3.816667","-73.916667","1983580781764432","peru","-8.0","-78.0","1149","travel counts"
"2024-11-09","852597565113521","united kingdom","54.0","-2.0","433497307408292","thailand","15.0","101.0","1882","travel counts"
"2024-11-09","403586003810080","south africa","-29.0","24.0","381453479112335","botswana","-24.666666666667","25.916666666667","2222","travel counts"
"2024-11-09","2064572263840333","zambia","-14.116667","27.633333","585715065268567","democratic republic of the congo","-2.88","23.656","1105","travel counts"
"2024-11-09","417158592211893","india","21.0","77.0","346733206197678","indonesia","-0.8349","113.4668","1357","travel counts"
"2024-11-09","376031519676735","bangladesh","24.016667","89.866667","346733206197678","indonesia","-0.8349","113.4668","4318","travel counts"
"2024-11-09","425473528186094","switzerland","46.798562","8.231973","309198619756155","liechtenstein","47.145","9.553889","1348","travel counts"
"2024-11-09","2367165386637842","brazil","-11.0","-53.0","345922999375723","bolivia","-17.056869611111","-64.991228611111","1764","travel counts"
"2024-11-09","680120905754069","france","47.0","2.0","425473528186094","switzerland","46.798562","8.231973","22210","travel counts"
"2024-11-09","463167797558589","taiwan","24.0","121.0","346733206197678","indonesia","-0.8349","113.4668","2390","travel counts"
"2024-11-09","711084376012350","vietnam","14.016666666667","107.9","346733206197678","indonesia","-0.8349","113.4668","1363","travel counts"
"2024-11-09","1246147782210951","australia","-25.0","135.0","346733206197678","indonesia","-0.8349","113.4668","4725","travel counts"
"2024-11-09","1983580781764432","peru","-8.0","-78.0","657349034710714","colombia","3.816667","-73.916667","1292","travel counts"
"2024-11-09","627913770953274","sweden","61.0","15.0","331955067734176","finland","64.0","26.0","5851","travel counts"
"2024-11-09","505239163341639","estonia","59.0","26.0","331955067734176","finland","64.0","26.0","3163","travel counts"
"2024-11-09","680120905754069","france","47.0","2.0","806572816378642","tunisia","34.0","9.0","3047","travel counts"
"2024-11-09","1317763431707213","germany","51.0","10.0","425473528186094","switzerland","46.798562","8.231973","13354","travel counts"
"2024-11-09","2282619438622633","austria","48.0","14.0","425473528186094","switzerland","46.798562","8.231973","2270","travel counts"
"2024-11-09","921744301497079","argentina","-34.0","-64.0","345922999375723","bolivia","-17.056869611111","-64.991228611111","2776","travel counts"
"2024-11-09","351886962112263","italy","43.0","12.0","425473528186094","switzerland","46.798562","8.231973","11222","travel counts"
"2024-11-09","309198619756155","liechtenstein","47.145","9.553889","425473528186094","switzerland","46.798562","8.231973","2871","travel counts"
"2024-11-09","1080265735511471","spain","40.0","-3.0","425473528186094","switzerland","46.798562","8.231973","1873","travel counts"
"2024-11-09","852597565113521","united kingdom","54.0","-2.0","407219260067826","bulgaria","42.75","25.5","2020","travel counts"
"2024-11-09","2419372088349100","iraq","33.0","43.0","1237068956456866","kuwait","29.166667","47.6","2663","travel counts"
"2024-11-09","851705715169048","saudi arabia","23.716667","44.116667","346733206197678","indonesia","-0.8349","113.4668","1271","travel counts"
"2024-11-09","343315869635106","philippines","11.333330555556","123.01666944444","346733206197678","indonesia","-0.8349","113.4668","1686","travel counts"
"2024-11-09","937148070010051","united states","40.0","-100.0","657349034710714","colombia","3.816667","-73.916667","5382","travel counts"
"2024-11-09","833225000389252","slovakia","49.0","20.0","2282619438622633","austria","48.0","14.0","4941","travel counts"
"2024-11-09","425473528186094","switzerland","46.798562","8.231973","2282619438622633","austria","48.0","14.0","4803","travel counts"
"2024-11-09","680120905754069","france","47.0","2.0","2282619438622633","austria","48.0","14.0","1409","travel counts"
"2024-11-09","351886962112263","italy","43.0","12.0","2282619438622633","austria","48.0","14.0","6775","travel counts"
"2024-11-09","852597565113521","united kingdom","54.0","-2.0","2282619438622633","austria","48.0","14.0","1426","travel counts"
"2024-11-09","1246147782210951","australia","-25.0","135.0","384063729112550","new zealand","-42.0","174.0","5752","travel counts"
"2024-11-09","1080265735511471","spain","40.0","-3.0","331955067734176","finland","64.0","26.0","1124","travel counts"
"2024-11-09","852597565113521","united kingdom","54.0","-2.0","429706144459641","malta","35.8854","14.4302","1481","travel counts"
"2024-11-09","2103842606572854","chile","-31.0","-71.0","345922999375723","bolivia","-17.056869611111","-64.991228611111","1550","travel counts"
"2024-11-09","401821703703677","serbia","43.95","20.933333333333","407219260067826","bulgaria","42.75","25.5","1361","travel counts"
"2024-11-09","417158592211893","india","21.0","77.0","1237068956456866","kuwait","29.166667","47.6","1037","travel counts"
"2024-11-09","433497307408292","thailand","15.0","101.0","346733206197678","indonesia","-0.8349","113.4668","3608","travel counts"
"2024-11-09","2367165386637842","brazil","-11.0","-53.0","657349034710714","colombia","3.816667","-73.916667","1571","travel counts"
"2024-11-09","381900512398634","ecuador","-1.4666666666667","-78.816666666667","657349034710714","colombia","3.816667","-73.916667","7130","travel counts"
"2024-11-09","1080265735511471","spain","40.0","-3.0","657349034710714","colombia","3.816667","-73.916667","1472","travel counts"
"2024-11-09","2414720828591431","romania","46.0","25.0","2282619438622633","austria","48.0","14.0","2795","travel counts"
"2024-11-09","384833669025234","slovenia","46.0","15.0","2282619438622633","austria","48.0","14.0","3383","travel counts"
"2024-11-09","616857608787515","hungary","47.0","19.0","2282619438622633","austria","48.0","14.0","13530","travel counts"
"2024-11-09","417045315510881","czech republic","50.0","16.0","833225000389252","slovakia","49.0","20.0","12678","travel counts"
"2024-11-09","2282619438622633","austria","48.0","14.0","833225000389252","slovakia","49.0","20.0","7856","travel counts"
"2024-11-09","463167797558589","taiwan","24.0","121.0","800853183633639","macau","22.166666666667","113.55","1268","travel counts"
"2024-11-09","2414720828591431","romania","46.0","25.0","362070071076950","netherlands","52.316666666667","5.55","1155","travel counts"
"2024-11-09","2247289335332676","turkey","39.0","36.0","362070071076950","netherlands","52.316666666667","5.55","1079","travel counts"
"2024-11-09","312478709447704","portugal","38.7","-9.1833333333333","362070071076950","netherlands","52.316666666667","5.55","1476","travel counts"
"2024-11-09","362070071076950","netherlands","52.316666666667","5.55","312478709447704","portugal","38.7","-9.1833333333333","1250","travel counts"
"2024-11-09","937148070010051","united states","40.0","-100.0","362070071076950","netherlands","52.316666666667","5.55","2974","travel counts"
"2024-11-09","937148070010051","united states","40.0","-100.0","312478709447704","portugal","38.7","-9.1833333333333","1691","travel counts"
"2024-11-09","1231810770328071","poland","52.0","19.0","362070071076950","netherlands","52.316666666667","5.55","3295","travel counts"
"2024-11-09","680120905754069","france","47.0","2.0","362070071076950","netherlands","52.316666666667","5.55","12237","travel counts"
"2024-11-09","680120905754069","france","47.0","2.0","312478709447704","portugal","38.7","-9.1833333333333","8425","travel counts"
"2024-11-09","351886962112263","italy","43.0","12.0","362070071076950","netherlands","52.316666666667","5.55","2810","travel counts"
"2024-11-09","351886962112263","italy","43.0","12.0","312478709447704","portugal","38.7","-9.1833333333333","2062","travel counts"
"2024-11-09","1983580781764432","peru","-8.0","-78.0","345922999375723","bolivia","-17.056869611111","-64.991228611111","2627","travel counts"
"2024-11-09","937148070010051","united states","40.0","-100.0","425473528186094","switzerland","46.798562","8.231973","1245","travel counts"
"2024-11-09","351886962112263","italy","43.0","12.0","429706144459641","malta","35.8854","14.4302","2207","travel counts"
"2024-11-09","1317763431707213","germany","51.0","10.0","407219260067826","bulgaria","42.75","25.5","1443","travel counts"
"2024-11-09","2247289335332676","turkey","39.0","36.0","407219260067826","bulgaria","42.75","25.5","4946","travel counts"
"2024-11-09","351886962112263","italy","43.0","12.0","407219260067826","bulgaria","42.75","25.5","1166","travel counts"
"2024-11-09","351785358793117","greece","39.0","22.0","407219260067826","bulgaria","42.75","25.5","4463","travel counts"
"2024-11-09","731553183908171","kosovo","42.6","20.85","2272551262804931","albania","41.0","20.0","2911","travel counts"
"2024-11-09","937148070010051","united states","40.0","-100.0","792883017828749","mexico","23.316667","-102.366667","248443","travel counts"
"2024-11-09","419634095534324","malaysia","2.316667","111.55","346733206197678","indonesia","-0.8349","113.4668","12272","travel counts"
"2024-11-09","793335024385721","japan","35.0","136.0","346733206197678","indonesia","-0.8349","113.4668","1420","travel counts"
"2024-11-09","2318040415151986","algeria","28.0","2.0","806572816378642","tunisia","34.0","9.0","1226","travel counts"
"2024-11-09","372761139998054","panama","8.616667","-80.366667","657349034710714","colombia","3.816667","-73.916667","1117","travel counts"
"2024-11-09","312478709447704","portugal","38.7","-9.1833333333333","425473528186094","switzerland","46.798562","8.231973","1541","travel counts"
"2024-11-09","314322742593141","denmark","56.0","10.0","362070071076950","netherlands","52.316666666667","5.55","1386","travel counts"
"2024-11-09","616857608787515","hungary","47.0","19.0","833225000389252","slovakia","49.0","20.0","8306","travel counts"
"2024-11-09","417045315510881","czech republic","50.0","16.0","2282619438622633","austria","48.0","14.0","5053","travel counts"
"2024-11-09","400835317162981","croatia","45.25","15.466667","2282619438622633","austria","48.0","14.0","2079","travel counts"
"2024-11-09","2414720828591431","romania","46.0","25.0","407219260067826","bulgaria","42.75","25.5","5515","travel counts"
"2024-11-09","1046047628918648","dominican republic","19.0","-70.666667","290913558509638","haiti","19.1","-72.33","1371","travel counts"
"2024-11-09","852597565113521","united kingdom","54.0","-2.0","425473528186094","switzerland","46.798562","8.231973","1974","travel counts"
"2024-11-09","1231810770328071","poland","52.0","19.0","2282619438622633","austria","48.0","14.0","3219","travel counts"
"2024-11-09","1317763431707213","germany","51.0","10.0","362070071076950","netherlands","52.316666666667","5.55","40744","travel counts"
"2024-11-09","1317763431707213","germany","51.0","10.0","312478709447704","portugal","38.7","-9.1833333333333","1993","travel counts"
"2024-11-09","2367165386637842","brazil","-11.0","-53.0","312478709447704","portugal","38.7","-9.1833333333333","2367","travel counts"
"2024-11-09","475814519825093","belgium","51.0","5.0","362070071076950","netherlands","52.316666666667","5.55","65686","travel counts"
"2024-11-09","475814519825093","belgium","51.0","5.0","312478709447704","portugal","38.7","-9.1833333333333","1296","travel counts"
"2024-11-09","1080265735511471","spain","40.0","-3.0","312478709447704","portugal","38.7","-9.1833333333333","23199","travel counts"
"2024-11-09","1080265735511471","spain","40.0","-3.0","362070071076950","netherlands","52.316666666667","5.55","4803","travel counts"
"2024-11-09","2117103768344082","libya","27.0","17.0","806572816378642","tunisia","34.0","9.0","1497","travel counts"
"2024-11-09","1317763431707213","germany","51.0","10.0","833225000389252","slovakia","49.0","20.0","3366","travel counts"
"2024-11-09","1231810770328071","poland","52.0","19.0","833225000389252","slovakia","49.0","20.0","5918","travel counts"
"2024-11-09","419634095534324","malaysia","2.316667","111.55","414941572572779","brunei","4.4","114.566667","2213","travel counts"
"2024-11-09","937148070010051","united states","40.0","-100.0","580903582315279","the bahamas","23.916667","-77.666667","10641","travel counts"
"2024-11-09","937148070010051","united states","40.0","-100.0","2214566348625267","costa rica","10.0","-84.0","3404","travel counts"
"2024-11-09","852597565113521","united kingdom","54.0","-2.0","362070071076950","netherlands","52.316666666667","5.55","10777","travel counts"
"2024-11-09","852597565113521","united kingdom","54.0","-2.0","312478709447704","portugal","38.7","-9.1833333333333","6292","travel counts"
"2024-11-09","425473528186094","switzerland","46.798562","8.231973","312478709447704","portugal","38.7","-9.1833333333333","1989","travel counts"
"2024-11-09","1317763431707213","germany","51.0","10.0","2282619438622633","austria","48.0","14.0","24392","travel counts"
"2024-11-09","401821703703677","serbia","43.95","20.933333333333","2282619438622633","austria","48.0","14.0","2396","travel counts"
"2024-11-09","309198619756155","liechtenstein","47.145","9.553889","2282619438622633","austria","48.0","14.0","1277","travel counts"
"2024-11-09","334673967182748","nicaragua","13.091380555556","-86.000988888889","2214566348625267","costa rica","10.0","-84.0","1827","travel counts"
"2024-11-09","372761139998054","panama","8.616667","-80.366667","2214566348625267","costa rica","10.0","-84.0","2274","travel counts"
"2024-11-09","351785358793117","greece","39.0","22.0","2272551262804931","albania","41.0","20.0","2793","travel counts"
"2024-11-09","351886962112263","italy","43.0","12.0","2272551262804931","albania","41.0","20.0","2942","travel counts"
"2024-11-09","1317763431707213","germany","51.0","10.0","419387851957862","egypt","26.0","29.0","2136","travel counts"
"2024-11-09","403586003810080","south africa","-29.0","24.0","731231627319111","zimbabwe","-19.016667","30.016667","1531","travel counts"
"2024-11-09","711084376012350","vietnam","14.016666666667","107.9","343315869635106","philippines","11.333330555556","123.01666944444","1586","travel counts"
"2024-11-09","597585864063467","united arab emirates","23.783333","54.0","343315869635106","philippines","11.333330555556","123.01666944444","2694","travel counts"
"2024-11-09","433497307408292","thailand","15.0","101.0","343315869635106","philippines","11.333330555556","123.01666944444","2258","travel counts"
"2024-11-09","1246147782210951","australia","-25.0","135.0","343315869635106","philippines","11.333330555556","123.01666944444","1758","travel counts"
"2024-11-09","346733206197678","indonesia","-0.8349","113.4668","343315869635106","philippines","11.333330555556","123.01666944444","1646","travel counts"
"2024-11-09","2272551262804931","albania","41.0","20.0","351785358793117","greece","39.0","22.0","2050","travel counts"
"2024-11-09","597585864063467","united arab emirates","23.783333","54.0","419387851957862","egypt","26.0","29.0","2665","travel counts"
"2024-11-09","1231810770328071","poland","52.0","19.0","419387851957862","egypt","26.0","29.0","1239","travel counts"
"2024-11-09","852597565113521","united kingdom","54.0","-2.0","419387851957862","egypt","26.0","29.0","2841","travel counts"
"2024-11-09","351886962112263","italy","43.0","12.0","419387851957862","egypt","26.0","29.0","2138","travel counts"
"2024-11-09","851705715169048","saudi arabia","23.716667","44.116667","419387851957862","egypt","26.0","29.0","7354","travel counts"
"2024-11-09","851705715169048","saudi arabia","23.716667","44.116667","343315869635106","philippines","11.333330555556","123.01666944444","2906","travel counts"
"2024-11-09","937148070010051","united states","40.0","-100.0","343315869635106","philippines","11.333330555556","123.01666944444","3297","travel counts"
"2024-11-09","711084376012350","vietnam","14.016666666667","107.9","463167797558589","taiwan","24.0","121.0","5248","travel counts"
"2024-11-09","853970694951300","south korea","36.0","128.0","463167797558589","taiwan","24.0","121.0","3728","travel counts"
"2024-11-09","433497307408292","thailand","15.0","101.0","463167797558589","taiwan","24.0","121.0","5208","travel counts"
"2024-11-09","793335024385721","japan","35.0","136.0","463167797558589","taiwan","24.0","121.0","15425","travel counts"
"2024-11-09","419634095534324","malaysia","2.316667","111.55","463167797558589","taiwan","24.0","121.0","1607","travel counts"
"2024-11-09","343315869635106","philippines","11.333330555556","123.01666944444","463167797558589","taiwan","24.0","121.0","3047","travel counts"
"2024-11-09","280099636203804","grenada","12.116667","-61.666667","2284220945178968","st. lucia","13.9114","-60.9659","1644","travel counts"
"2024-11-09","2414720828591431","romania","46.0","25.0","388350675343876","moldova","47.0","29.0","5256","travel counts"
"2024-11-09","852597565113521","united kingdom","54.0","-2.0","366682297538943","pakistan","29.0","69.0","1151","travel counts"
"2024-11-09","800853183633639","macau","22.166666666667","113.55","463167797558589","taiwan","24.0","121.0","1033","travel counts"
"2024-11-09","810648062654687","canada","56.0","-109.0","343315869635106","philippines","11.333330555556","123.01666944444","1445","travel counts"
"2024-11-09","853970694951300","south korea","36.0","128.0","343315869635106","philippines","11.333330555556","123.01666944444","2812","travel counts"
"2024-11-09","1317763431707213","germany","51.0","10.0","351785358793117","greece","39.0","22.0","1905","travel counts"
"2024-11-09","817571401952819","qatar","25.269535","51.212767","343315869635106","philippines","11.333330555556","123.01666944444","1384","travel counts"
"2024-11-09","793335024385721","japan","35.0","136.0","343315869635106","philippines","11.333330555556","123.01666944444","4857","travel counts"
"2024-11-09","419634095534324","malaysia","2.316667","111.55","343315869635106","philippines","11.333330555556","123.01666944444","1321","travel counts"
"2024-11-09","2247289335332676","turkey","39.0","36.0","351785358793117","greece","39.0","22.0","7579","travel counts"
"2024-11-09","351886962112263","italy","43.0","12.0","351785358793117","greece","39.0","22.0","3629","travel counts"
"2024-11-09","376031519676735","bangladesh","24.016667","89.866667","366682297538943","pakistan","29.0","69.0","1850","travel counts"
"2024-11-09","346733206197678","indonesia","-0.8349","113.4668","463167797558589","taiwan","24.0","121.0","2350","travel counts"
"2024-11-09","597585864063467","united arab emirates","23.783333","54.0","366682297538943","pakistan","29.0","69.0","4784","travel counts"
"2024-11-09","937148070010051","united states","40.0","-100.0","463167797558589","taiwan","24.0","121.0","3658","travel counts"
"2024-11-09","417158592211893","india","21.0","77.0","366682297538943","pakistan","29.0","69.0","3660","travel counts"
"2024-11-09","851705715169048","saudi arabia","23.716667","44.116667","366682297538943","pakistan","29.0","69.0","2497","travel counts"
"2024-11-09","417158592211893","india","21.0","77.0","388196578703505","sri lanka","7.0","81.0","1124","travel counts"
"2024-11-09","1317763431707213","germany","51.0","10.0","571822773304405","lithuania","55.5","24.0","1151","travel counts"
"2024-11-09","1237068956456866","kuwait","29.166667","47.6","2419372088349100","iraq","33.0","43.0","2793","travel counts"
"2024-11-09","1231810770328071","poland","52.0","19.0","571822773304405","lithuania","55.5","24.0","3557","travel counts"
"2024-11-09","571822773304405","lithuania","55.5","24.0","827650550921642","latvia","57.0","25.0","2927","travel counts"
"2024-11-09","2247289335332676","turkey","39.0","36.0","2419372088349100","iraq","33.0","43.0","3110","travel counts"
"2024-11-09","852597565113521","united kingdom","54.0","-2.0","351785358793117","greece","39.0","22.0","2447","travel counts"
"2024-11-09","535485520310127","cyprus","35.0","33.0","351785358793117","greece","39.0","22.0","2052","travel counts"
"2024-11-09","505239163341639","estonia","59.0","26.0","827650550921642","latvia","57.0","25.0","2052","travel counts"
"2024-11-09","827650550921642","latvia","57.0","25.0","571822773304405","lithuania","55.5","24.0","3377","travel counts"
"2024-11-09","597585864063467","united arab emirates","23.783333","54.0","417158592211893","india","21.0","77.0","9626","travel counts"
"2024-11-09","817571401952819","qatar","25.269535","51.212767","417158592211893","india","21.0","77.0","1943","travel counts"
"2024-11-09","1462081337261943","bhutan","27.45","90.5","417158592211893","india","21.0","77.0","4507","travel counts"
"2024-11-09","346733206197678","indonesia","-0.8349","113.4668","417158592211893","india","21.0","77.0","1294","travel counts"
"2024-11-09","851705715169048","saudi arabia","23.716667","44.116667","417158592211893","india","21.0","77.0","3070","travel counts"
"2024-11-09","810648062654687","canada","56.0","-109.0","417158592211893","india","21.0","77.0","1764","travel counts"
"2024-11-09","1246147782210951","australia","-25.0","135.0","417158592211893","india","21.0","77.0","1124","travel counts"
"2024-11-09","419634095534324","malaysia","2.316667","111.55","417158592211893","india","21.0","77.0","1676","travel counts"
"2024-11-09","852597565113521","united kingdom","54.0","-2.0","417158592211893","india","21.0","77.0","3112","travel counts"
"2024-11-09","937148070010051","united states","40.0","-100.0","417158592211893","india","21.0","77.0","2741","travel counts"
"2024-11-09","833225000389252","slovakia","49.0","20.0","1317763431707213","germany","51.0","10.0","1208","travel counts"
"2024-11-09","680120905754069","france","47.0","2.0","1317763431707213","germany","51.0","10.0","26918","travel counts"
"2024-11-09","351886962112263","italy","43.0","12.0","1317763431707213","germany","51.0","10.0","11649","travel counts"
"2024-11-09","351785358793117","greece","39.0","22.0","1317763431707213","germany","51.0","10.0","2245","travel counts"
"2024-11-09","376031519676735","bangladesh","24.016667","89.866667","417158592211893","india","21.0","77.0","17012","travel counts"
"2024-11-09","433497307408292","thailand","15.0","101.0","417158592211893","india","21.0","77.0","3205","travel counts"
"2024-11-09","420975545355368","jordan","31.016667","36.616667","2318532835031803","lebanon","33.833333","35.766667","33989","travel counts"
"2024-11-09","417158592211893","india","21.0","77.0","1317763431707213","germany","51.0","10.0","1035","travel counts"
"2024-11-09","810648062654687","canada","56.0","-109.0","1317763431707213","germany","51.0","10.0","1010","travel counts"
"2024-11-09","2414720828591431","romania","46.0","25.0","1317763431707213","germany","51.0","10.0","7109","travel counts"
"2024-11-09","2247289335332676","turkey","39.0","36.0","1317763431707213","germany","51.0","10.0","7686","travel counts"
"2024-11-09","425473528186094","switzerland","46.798562","8.231973","1317763431707213","germany","51.0","10.0","26901","travel counts"
"2024-11-09","616857608787515","hungary","47.0","19.0","1317763431707213","germany","51.0","10.0","4874","travel counts"
"2024-11-09","314322742593141","denmark","56.0","10.0","1317763431707213","germany","51.0","10.0","13182","travel counts"
"2024-11-09","366682297538943","pakistan","29.0","69.0","417158592211893","india","21.0","77.0","3660","travel counts"
"2024-11-09","2282619438622633","austria","48.0","14.0","1317763431707213","germany","51.0","10.0","21981","travel counts"
"2024-11-09","571822773304405","lithuania","55.5","24.0","1317763431707213","germany","51.0","10.0","1132","travel counts"
"2024-11-09","321538001884900","bosnia and herzegovina","44.0","18.0","1317763431707213","germany","51.0","10.0","1247","travel counts"
"2024-11-09","362070071076950","netherlands","52.316666666667","5.55","1317763431707213","germany","51.0","10.0","47790","travel counts"
"2024-11-09","312478709447704","portugal","38.7","-9.1833333333333","1317763431707213","germany","51.0","10.0","2014","travel counts"
"2024-11-09","419387851957862","egypt","26.0","29.0","1317763431707213","germany","51.0","10.0","2239","travel counts"
"2024-11-09","937148070010051","united states","40.0","-100.0","1317763431707213","germany","51.0","10.0","6117","travel counts"
"2024-11-09","937148070010051","united states","40.0","-100.0","601856040330843","jamaica","18.1823878","-77.3217773","3406","travel counts"
"2024-11-09","627913770953274","sweden","61.0","15.0","1317763431707213","germany","51.0","10.0","3480","travel counts"
"2024-11-09","388196578703505","sri lanka","7.0","81.0","417158592211893","india","21.0","77.0","1021","travel counts"
"2024-11-09","549126165612289","nepal","26.533333333333","86.733333333333","417158592211893","india","21.0","77.0","37050","travel counts"
"2024-11-09","852597565113521","united kingdom","54.0","-2.0","1317763431707213","germany","51.0","10.0","10280","travel counts"
"2024-11-09","1231810770328071","poland","52.0","19.0","1317763431707213","germany","51.0","10.0","25794","travel counts"
"2024-11-09","404888597011746","luxembourg","49.77","6.13","1317763431707213","germany","51.0","10.0","14931","travel counts"
"2024-11-09","400835317162981","croatia","45.25","15.466667","1317763431707213","germany","51.0","10.0","2071","travel counts"
"2024-11-09","1080265735511471","spain","40.0","-3.0","1317763431707213","germany","51.0","10.0","7810","travel counts"
"2024-11-09","623759951440132","norway","61.0","8.0","1317763431707213","germany","51.0","10.0","2491","travel counts"
"2024-11-09","407219260067826","bulgaria","42.75","25.5","1317763431707213","germany","51.0","10.0","1737","travel counts"
"2024-11-09","731553183908171","kosovo","42.6","20.85","1317763431707213","germany","51.0","10.0","1268","travel counts"
"2024-11-09","475814519825093","belgium","51.0","5.0","1317763431707213","germany","51.0","10.0","18627","travel counts"
"2024-11-09","597585864063467","united arab emirates","23.783333","54.0","1317763431707213","germany","51.0","10.0","1224","travel counts"
"2024-11-09","384833669025234","slovenia","46.0","15.0","1317763431707213","germany","51.0","10.0","1157","travel counts"
"2024-11-09","401821703703677","serbia","43.95","20.933333333333","1317763431707213","germany","51.0","10.0","1661","travel counts"
"2024-11-09","417045315510881","czech republic","50.0","16.0","1317763431707213","germany","51.0","10.0","12312","travel counts"
"2024-11-09","417045315510881","czech republic","50.0","16.0","2414720828591431","romania","46.0","25.0","1628","travel counts"
"2024-11-09","420975545355368","jordan","31.016667","36.616667","413890222743884","palestine","31.625321","35.145264","17126","travel counts"
"2024-11-09","401821703703677","serbia","43.95","20.933333333333","2414720828591431","romania","46.0","25.0","2090","travel counts"
"2024-11-09","680120905754069","france","47.0","2.0","2414720828591431","romania","46.0","25.0","1674","travel counts"
"2024-11-09","351886962112263","italy","43.0","12.0","2414720828591431","romania","46.0","25.0","6302","travel counts"
"2024-11-09","1080265735511471","spain","40.0","-3.0","2414720828591431","romania","46.0","25.0","1833","travel counts"
"2024-11-09","351785358793117","greece","39.0","22.0","2414720828591431","romania","46.0","25.0","1069","travel counts"
"2024-11-09","2282619438622633","austria","48.0","14.0","2414720828591431","romania","46.0","25.0","3963","travel counts"
"2024-11-09","1246147782210951","australia","-25.0","135.0","497698334094409","fiji","-18.0","178.0","1042","travel counts"
"2024-11-09","853970694951300","south korea","36.0","128.0","937148070010051","united states","40.0","-100.0","1987","travel counts"
"2024-11-09","810648062654687","canada","56.0","-109.0","937148070010051","united states","40.0","-100.0","75867","travel counts"
"2024-11-09","2247289335332676","turkey","39.0","36.0","937148070010051","united states","40.0","-100.0","1422","travel counts"
"2024-11-09","452507115497292","nigeria","9.0","8.0","937148070010051","united states","40.0","-100.0","4679","travel counts"
"2024-11-09","1212072302300528","guatemala","15.5","-90.25","937148070010051","united states","40.0","-100.0","2957","travel counts"
"2024-11-09","921744301497079","argentina","-34.0","-64.0","937148070010051","united states","40.0","-100.0","1111","travel counts"
"2024-11-09","351886962112263","italy","43.0","12.0","937148070010051","united states","40.0","-100.0","4276","travel counts"
"2024-11-09","793335024385721","japan","35.0","136.0","937148070010051","united states","40.0","-100.0","4284","travel counts"
"2024-11-09","791961934510606","cayman islands","19.2774","-81.2933","937148070010051","united states","40.0","-100.0","1121","travel counts"
"2024-11-09","587958885041696","ghana","8.0","-1.0","2900912886801030","togo","8.25","1.183333","1163","travel counts"
"2024-11-09","833225000389252","slovakia","49.0","20.0","2414720828591431","romania","46.0","25.0","1136","travel counts"
"2024-11-09","475814519825093","belgium","51.0","5.0","2414720828591431","romania","46.0","25.0","1546","travel counts"
"2024-11-09","852597565113521","united kingdom","54.0","-2.0","2414720828591431","romania","46.0","25.0","4427","travel counts"
"2024-11-09","1317763431707213","germany","51.0","10.0","2414720828591431","romania","46.0","25.0","7875","travel counts"
"2024-11-09","1231810770328071","poland","52.0","19.0","2414720828591431","romania","46.0","25.0","1199","travel counts"
"2024-11-09","616857608787515","hungary","47.0","19.0","2414720828591431","romania","46.0","25.0","11241","travel counts"
"2024-11-09","388350675343876","moldova","47.0","29.0","2414720828591431","romania","46.0","25.0","4528","travel counts"
"2024-11-09","2247289335332676","turkey","39.0","36.0","2414720828591431","romania","46.0","25.0","1445","travel counts"
"2024-11-09","362070071076950","netherlands","52.316666666667","5.55","2414720828591431","romania","46.0","25.0","1111","travel counts"
"2024-11-09","2247289335332676","turkey","39.0","36.0","851705715169048","saudi arabia","23.716667","44.116667","1277","travel counts"
"2024-11-09","376031519676735","bangladesh","24.016667","89.866667","851705715169048","saudi arabia","23.716667","44.116667","2736","travel counts"
"2024-11-09","817571401952819","qatar","25.269535","51.212767","851705715169048","saudi arabia","23.716667","44.116667","1642","travel counts"
"2024-11-09","417158592211893","india","21.0","77.0","937148070010051","united states","40.0","-100.0","2921","travel counts"
"2024-11-09","852597565113521","united kingdom","54.0","-2.0","937148070010051","united states","40.0","-100.0","11978","travel counts"
"2024-11-09","414218989431133","honduras","14.633333","-86.816667","937148070010051","united states","40.0","-100.0","1972","travel counts"
"2024-11-09","661116984348270","el salvador","13.668889","-88.866111","937148070010051","united states","40.0","-100.0","2501","travel counts"
"2024-11-09","2367165386637842","brazil","-11.0","-53.0","937148070010051","united states","40.0","-100.0","2867","travel counts"
"2024-11-09","463167797558589","taiwan","24.0","121.0","937148070010051","united states","40.0","-100.0","2581","travel counts"
"2024-11-09","1317763431707213","germany","51.0","10.0","937148070010051","united states","40.0","-100.0","4925","travel counts"
"2024-11-09","601856040330843","jamaica","18.1823878","-77.3217773","937148070010051","united states","40.0","-100.0","2919","travel counts"
"2024-11-09","2272822426127539","puerto rico","18.25","-66.5","937148070010051","united states","40.0","-100.0","11745","travel counts"
"2024-11-09","1246147782210951","australia","-25.0","135.0","937148070010051","united states","40.0","-100.0","2421","travel counts"
"2024-11-09","680120905754069","france","47.0","2.0","937148070010051","united states","40.0","-100.0","5076","travel counts"
"2024-11-09","433497307408292","thailand","15.0","101.0","937148070010051","united states","40.0","-100.0","1869","travel counts"
"2024-11-09","381900512398634","ecuador","-1.4666666666667","-78.816666666667","937148070010051","united states","40.0","-100.0","3240","travel counts"
"2024-11-09","1046047628918648","dominican republic","19.0","-70.666667","937148070010051","united states","40.0","-100.0","6357","travel counts"
"2024-11-09","657349034710714","colombia","3.816667","-73.916667","937148070010051","united states","40.0","-100.0","4614","travel counts"
"2024-11-09","580903582315279","the bahamas","23.916667","-77.666667","937148070010051","united states","40.0","-100.0","11220","travel counts"
"2024-11-09","343315869635106","philippines","11.333330555556","123.01666944444","937148070010051","united states","40.0","-100.0","3877","travel counts"
"2024-11-09","407219260067826","bulgaria","42.75","25.5","2414720828591431","romania","46.0","25.0","5078","travel counts"
"2024-11-09","425473528186094","switzerland","46.798562","8.231973","937148070010051","united states","40.0","-100.0","1092","travel counts"
"2024-11-09","362070071076950","netherlands","52.316666666667","5.55","937148070010051","united states","40.0","-100.0","2722","travel counts"
"2024-11-09","312478709447704","portugal","38.7","-9.1833333333333","937148070010051","united states","40.0","-100.0","1884","travel counts"
"2024-11-09","1080265735511471","spain","40.0","-3.0","937148070010051","united states","40.0","-100.0","5634","travel counts"
"2024-11-09","417158592211893","india","21.0","77.0","851705715169048","saudi arabia","23.716667","44.116667","3421","travel counts"
"2024-11-09","597585864063467","united arab emirates","23.783333","54.0","851705715169048","saudi arabia","23.716667","44.116667","3226","travel counts"
"2024-11-09","420975545355368","jordan","31.016667","36.616667","851705715169048","saudi arabia","23.716667","44.116667","1588","travel counts"
"2024-11-09","2176702002437188","bahrain","26.0275","50.55","851705715169048","saudi arabia","23.716667","44.116667","2877","travel counts"
"2024-11-09","346733206197678","indonesia","-0.8349","113.4668","851705715169048","saudi arabia","23.716667","44.116667","1882","travel counts"
"2024-11-09","343315869635106","philippines","11.333330555556","123.01666944444","851705715169048","saudi arabia","23.716667","44.116667","3360","travel counts"
"2024-11-09","597585864063467","united arab emirates","23.783333","54.0","937148070010051","united states","40.0","-100.0","1243","travel counts"
"2024-11-09","2214566348625267","costa rica","10.0","-84.0","937148070010051","united states","40.0","-100.0","2766","travel counts"
"2024-11-09","372761139998054","panama","8.616667","-80.366667","937148070010051","united states","40.0","-100.0","1042","travel counts"
"2024-11-09","419387851957862","egypt","26.0","29.0","851705715169048","saudi arabia","23.716667","44.116667","7623","travel counts"
"2024-11-09","366682297538943","pakistan","29.0","69.0","851705715169048","saudi arabia","23.716667","44.116667","2453","travel counts"
"2024-11-09","417158592211893","india","21.0","77.0","817571401952819","qatar","25.269535","51.212767","1777","travel counts"
"2024-11-09","937148070010051","united states","40.0","-100.0","817571401952819","qatar","25.269535","51.212767","1552","travel counts"
"2024-11-09","851705715169048","saudi arabia","23.716667","44.116667","817571401952819","qatar","25.269535","51.212767","2759","travel counts"
"2024-11-09","852597565113521","united kingdom","54.0","-2.0","582383768947260","iceland","64.830555555556","-17.986666666667","1042","travel counts"
"2024-11-09","2318040415151986","algeria","28.0","2.0","937148070010051","united states","40.0","-100.0","1481","travel counts"
"2024-11-09","792883017828749","mexico","23.316667","-102.366667","937148070010051","united states","40.0","-100.0","142036","travel counts"
"2024-11-09","711084376012350","vietnam","14.016666666667","107.9","937148070010051","united states","40.0","-100.0","1176","travel counts"
"2024-11-09","1693686944068084","ireland","53.4469834801","-7.08056729059","937148070010051","united states","40.0","-100.0","2066","travel counts"
"2024-11-09","661116984348270","el salvador","13.668889","-88.866111","414218989431133","honduras","14.633333","-86.816667","1825","travel counts"
"2024-11-09","937148070010051","united states","40.0","-100.0","414218989431133","honduras","14.633333","-86.816667","1529","travel counts"
"2024-11-09","343315869635106","philippines","11.333330555556","123.01666944444","817571401952819","qatar","25.269535","51.212767","1142","travel counts"
"2024-11-09","1983580781764432","peru","-8.0","-78.0","937148070010051","united states","40.0","-100.0","1907","travel counts"
"2024-11-09","334673967182748","nicaragua","13.091380555556","-86.000988888889","414218989431133","honduras","14.633333","-86.816667","1016","travel counts"
"2024-11-09","597585864063467","united arab emirates","23.783333","54.0","817571401952819","qatar","25.269535","51.212767","2218","travel counts"
"2024-11-09","1212072302300528","guatemala","15.5","-90.25","414218989431133","honduras","14.633333","-86.816667","1405","travel counts"
"2024-11-09","852597565113521","united kingdom","54.0","-2.0","817571401952819","qatar","25.269535","51.212767","1121","travel counts"
"2024-11-09","2318532835031803","lebanon","33.833333","35.766667","420975545355368","jordan","31.016667","36.616667","50398","travel counts"
"2024-11-09","851705715169048","saudi arabia","23.716667","44.116667","420975545355368","jordan","31.016667","36.616667","2020","travel counts"
"2024-11-09","413890222743884","palestine","31.625321","35.145264","420975545355368","jordan","31.016667","36.616667","19562","travel counts"
"2024-11-09","407219260067826","bulgaria","42.75","25.5","2247289335332676","turkey","39.0","36.0","6147","travel counts"
"2024-11-09","680120905754069","france","47.0","2.0","2247289335332676","turkey","39.0","36.0","1598","travel counts"
"2024-11-09","1025887597595017","georgia","42.016669444444","43.733330555556","2247289335332676","turkey","39.0","36.0","2071","travel counts"
"2024-11-09","351785358793117","greece","39.0","22.0","2247289335332676","turkey","39.0","36.0","4292","travel counts"
"2024-11-09","852597565113521","united kingdom","54.0","-2.0","2247289335332676","turkey","39.0","36.0","4026","travel counts"
"2024-11-09","351886962112263","italy","43.0","12.0","2247289335332676","turkey","39.0","36.0","1216","travel counts"
"2024-11-09","2419372088349100","iraq","33.0","43.0","2247289335332676","turkey","39.0","36.0","2533","travel counts"
"2024-11-09","2414720828591431","romania","46.0","25.0","2247289335332676","turkey","39.0","36.0","1296","travel counts"
"2024-11-09","362070071076950","netherlands","52.316666666667","5.55","2247289335332676","turkey","39.0","36.0","1042","travel counts"
"2024-11-09","1231810770328071","poland","52.0","19.0","2247289335332676","turkey","39.0","36.0","1367","travel counts"
"2024-11-09","376031519676735","bangladesh","24.016667","89.866667","2247289335332676","turkey","39.0","36.0","1283","travel counts"
"2024-11-09","401821703703677","serbia","43.95","20.933333333333","384833669025234","slovenia","46.0","15.0","1877","travel counts"
"2024-11-09","616857608787515","hungary","47.0","19.0","384833669025234","slovenia","46.0","15.0","1205","travel counts"
"2024-11-09","351886962112263","italy","43.0","12.0","384833669025234","slovenia","46.0","15.0","7004","travel counts"
"2024-11-09","401821703703677","serbia","43.95","20.933333333333","2247289335332676","turkey","39.0","36.0","1130","travel counts"
"2024-11-09","535485520310127","cyprus","35.0","33.0","2247289335332676","turkey","39.0","36.0","3295","travel counts"
"2024-11-09","937148070010051","united states","40.0","-100.0","2247289335332676","turkey","39.0","36.0","1961","travel counts"
"2024-11-09","1317763431707213","germany","51.0","10.0","2247289335332676","turkey","39.0","36.0","5807","travel counts"
"2024-11-09","1317763431707213","germany","51.0","10.0","384833669025234","slovenia","46.0","15.0","1602","travel counts"
"2024-11-09","400835317162981","croatia","45.25","15.466667","384833669025234","slovenia","46.0","15.0","6970","travel counts"
"2024-11-09","2282619438622633","austria","48.0","14.0","384833669025234","slovenia","46.0","15.0","9977","travel counts"
"2024-11-09","321538001884900","bosnia and herzegovina","44.0","18.0","384833669025234","slovenia","46.0","15.0","1113","travel counts"
"2024-11-09","351886962112263","italy","43.0","12.0","2666999523371674","san marino","43.933333333333","12.466666666667","2852","travel counts"
"2024-11-09","1317763431707213","germany","51.0","10.0","623759951440132","norway","61.0","8.0","2302","travel counts"
"2024-11-09","314322742593141","denmark","56.0","10.0","623759951440132","norway","61.0","8.0","3490","travel counts"
"2024-11-09","1231810770328071","poland","52.0","19.0","623759951440132","norway","61.0","8.0","2348","travel counts"
"2024-11-09","852597565113521","united kingdom","54.0","-2.0","623759951440132","norway","61.0","8.0","2073","travel counts"
"2024-11-09","1080265735511471","spain","40.0","-3.0","623759951440132","norway","61.0","8.0","2703","travel counts"
"2024-11-09","627913770953274","sweden","61.0","15.0","623759951440132","norway","61.0","8.0","7749","travel counts"
"2024-11-09","1317763431707213","germany","51.0","10.0","627913770953274","sweden","61.0","15.0","3169","travel counts"
"2024-11-09","505239163341639","estonia","59.0","26.0","627913770953274","sweden","61.0","15.0","1453","travel counts"
"2024-11-09","314322742593141","denmark","56.0","10.0","627913770953274","sweden","61.0","15.0","16136","travel counts"
"2024-11-09","623759951440132","norway","61.0","8.0","627913770953274","sweden","61.0","15.0","17562","travel counts"
"2024-11-09","1080265735511471","spain","40.0","-3.0","627913770953274","sweden","61.0","15.0","4242","travel counts"
"2024-11-09","852597565113521","united kingdom","54.0","-2.0","627913770953274","sweden","61.0","15.0","2153","travel counts"
"2024-11-09","1231810770328071","poland","52.0","19.0","627913770953274","sweden","61.0","15.0","2541","travel counts"
"2024-11-09","331955067734176","finland","64.0","26.0","627913770953274","sweden","61.0","15.0","6052","travel counts"
"2024-11-09","417158592211893","india","21.0","77.0","549126165612289","nepal","26.533333333333","86.733333333333","40343","travel counts"
"2024-11-09","2367165386637842","brazil","-11.0","-53.0","2103842606572854","chile","-31.0","-71.0","2297","travel counts"
"2024-11-09","345922999375723","bolivia","-17.056869611111","-64.991228611111","2103842606572854","chile","-31.0","-71.0","2373","travel counts"
"2024-11-09","417158592211893","india","21.0","77.0","422079025311801","oman","20.233333","55.966667","1071","travel counts"
